{
  "monthly": [
    {
      "month": "2025-12",
      "inputTokens": 300443,
      "outputTokens": 91231,
      "cacheCreationTokens": 9170387,
      "cacheReadTokens": 155186992,
      "totalTokens": 164749053,
      "totalCost": 128.56239474999995,
      "modelsUsed": [
        "claude-haiku-4-5-20251001",
        "claude-opus-4-5-20251101",
        "claude-sonnet-4-5-20250929"
      ],
      "modelBreakdowns": [
        {
          "modelName": "claude-opus-4-5-20251101",
          "inputTokens": 119491,
          "outputTokens": 7020,
          "cacheCreationTokens": 7905401,
          "cacheReadTokens": 144220736,
          "cost": 122.29207925000009
        },
        {
          "modelName": "claude-sonnet-4-5-20250929",
          "inputTokens": 229,
          "outputTokens": 71441,
          "cacheCreationTokens": 401872,
          "cacheReadTokens": 6354512,
          "cost": 4.485675600000001
        },
        {
          "modelName": "claude-haiku-4-5-20251001",
          "inputTokens": 180723,
          "outputTokens": 12770,
          "cacheCreationTokens": 863114,
          "cacheReadTokens": 4611744,
          "cost": 1.7846398999999993
        }
      ]
    }
  ],
  "totals": {
    "inputTokens": 300443,
    "outputTokens": 91231,
    "cacheCreationTokens": 9170387,
    "cacheReadTokens": 155186992,
    "totalCost": 128.56239474999995,
    "totalTokens": 164749053
  }
}
